starting_year,college,season,score
2023,STB,Fall,69.79711884753901
2023,STB,Winter,64.38321167883211
2023,STB,Spring,67.07755102040817
2023,STC,Fall,69.56866485013624
2023,STC,Winter,64.08991298743152
2023,STC,Spring,66.91144414168937
2023,STL,Fall,69.59667471171896
2023,STL,Winter,64.06065367693274
2023,STL,Spring,76.72780906409226
2023,STM,Fall,69.7356846473029
2023,STM,Winter,64.25643540083354
2023,STM,Spring,76.6390041493776
