starting_year,college,Fall,Winter,Spring,Fall-Spring Change,Fall-Winter Change,Winter-Spring Change
2023,STB,69.79711884753901,64.38321167883211,67.07755102040817,-2.719567827130845,-5.413907168706899,2.694339341576054
2023,STC,69.56866485013624,64.08991298743152,66.91144414168937,-2.6572207084468715,-5.478751862704726,2.8215311542578547
2023,STL,69.59667471171896,64.06065367693274,76.72780906409226,7.131134352373294,-5.536021034786216,12.66715538715951
2023,STM,69.7356846473029,64.25643540083354,76.6390041493776,6.9033195020746945,-5.479249246469365,12.38256874854406
