starting_year,college,Fall,Winter,Spring,Fall-Spring Change,Fall-Winter Change,Winter-Spring Change
2023,STB,69.79711884753901,64.4346003353829,67.07755102040817,-2.719567827130845,-5.3625185121561145,2.6429506850252693
2023,STC,69.56866485013624,64.15372115697107,66.91144414168937,-2.6572207084468715,-5.414943693165171,2.757722984718299
2023,STL,69.59667471171896,63.950702028081125,76.72780906409226,7.131134352373294,-5.6459726836378366,12.777107036011131
2023,STM,69.7356846473029,64.22798819478604,76.6390041493776,6.9033195020746945,-5.507696452516868,12.411015954591562
