starting_year,college,Fall,Winter,Spring,Fall-Spring Change,Fall-Winter Change,Winter-Spring Change
2023,STB,69.79711884753901,64.29220779220779,67.07755102040817,-2.719567827130845,-5.50491105533122,2.785343228200375
2023,STC,69.56866485013624,63.99455477258168,66.91144414168937,-2.6572207084468715,-5.574110077554565,2.916889369107693
2023,STL,69.59667471171896,64.16614024005054,76.72780906409226,7.131134352373294,-5.430534471668423,12.561668824041718
2023,STM,69.7356846473029,64.286865234375,76.6390041493776,6.9033195020746945,-5.448819412927904,12.352138915002598
