starting_year,college,Fall,Winter,Spring,Fall-Spring Change,Fall-Winter Change,Winter-Spring Change
2023,STB,69.79711884753901,64.34441002534497,67.07755102040817,-2.719567827130845,-5.45270882219404,2.733140995063195
2023,STC,69.56866485013624,64.09300833867864,66.91144414168937,-2.6572207084468715,-5.475656511457601,2.818435803010729
2023,STL,69.59667471171896,63.989570164348926,76.72780906409226,7.131134352373294,-5.607104547370035,12.73823889974333
2023,STM,69.7356846473029,64.22184216955777,76.6390041493776,6.9033195020746945,-5.513842477745129,12.417161979819824
