starting_year,college,Fall,Winter,Spring,Fall-Spring Change,Fall-Winter Change,Winter-Spring Change
2023,STB,69.79711884753901,64.40652235029519,67.07755102040817,-2.719567827130845,-5.39059649724382,2.6710286701129746
2023,STC,69.56866485013624,63.93484509741297,66.91144414168937,-2.6572207084468715,-5.6338197527232765,2.976599044276405
2023,STL,69.59667471171896,64.14624759461194,76.72780906409226,7.131134352373294,-5.450427117107026,12.58156146948032
2023,STM,69.7356846473029,64.31868932038834,76.6390041493776,6.9033195020746945,-5.416995326914559,12.320314828989254
