starting_year,college,Fall,Winter,Spring,Fall-Spring Change,Fall-Winter Change,Winter-Spring Change
2023,STB,69.79711884753901,64.30637324949986,67.07755102040817,-2.719567827130845,-5.490745598039155,2.7711777709083094
2023,STC,69.56866485013624,64.11000641436819,66.91144414168937,-2.6572207084468715,-5.458658435768058,2.8014377273211863
2023,STL,69.59667471171896,64.13490566037736,76.72780906409226,7.131134352373294,-5.461769051341605,12.5929034037149
2023,STM,69.7356846473029,64.22329861952046,76.6390041493776,6.9033195020746945,-5.512386027782441,12.415705529857135
