starting_year,college,Fall,Winter,Spring,Fall-Spring Change,Fall-Winter Change,Winter-Spring Change
2023,STB,69.79711884753901,64.24950156650527,67.07755102040817,-2.719567827130845,-5.547617281033737,2.828049453902892
2023,STC,69.56866485013624,63.972488803582856,66.91144414168937,-2.6572207084468715,-5.5961760465533885,2.938955338106517
2023,STL,69.59667471171896,64.10526315789474,76.72780906409226,7.131134352373294,-5.491411553824221,12.622545906197516
2023,STM,69.7356846473029,64.08469611911154,76.6390041493776,6.9033195020746945,-5.6509885281913625,12.554308030266057
