starting_year,college,Fall,Winter,Spring,Fall-Spring Change,Fall-Winter Change,Winter-Spring Change
2023,STB,69.79711884753901,64.26532325776658,67.07755102040817,-2.719567827130845,-5.531795589772429,2.8122277626415837
2023,STC,69.56866485013624,64.27264030612245,66.91144414168937,-2.6572207084468715,-5.29602454401379,2.638803835566918
2023,STL,69.59667471171896,64.09452577975811,76.72780906409226,7.131134352373294,-5.502148931960846,12.63328328433414
2023,STM,69.7356846473029,64.1960736196319,76.6390041493776,6.9033195020746945,-5.539611027671,12.442930529745695
