starting_year,college,Fall,Winter,Spring,Fall-Spring Change,Fall-Winter Change,Winter-Spring Change
2023,STB,69.79711884753901,64.38804713804714,67.07755102040817,-2.719567827130845,-5.409071709491869,2.6895038823610236
2023,STC,69.56866485013624,64.00291356426028,66.91144414168937,-2.6572207084468715,-5.565751285875962,2.90853057742909
2023,STL,69.59667471171896,64.02096569250318,76.72780906409226,7.131134352373294,-5.575709019215779,12.706843371589073
2023,STM,69.7356846473029,64.23127272727272,76.6390041493776,6.9033195020746945,-5.504411920030179,12.407731422104874
