starting_year,college,Fall,Winter,Spring,Fall-Spring Change,Fall-Winter Change,Winter-Spring Change
2023,STB,69.79711884753901,64.36217133163699,67.07755102040817,-2.719567827130845,-5.434947515902024,2.715379688771179
2023,STC,69.56866485013624,64.16922584772873,66.91144414168937,-2.6572207084468715,-5.399439002407519,2.742218293960647
2023,STL,69.59667471171896,64.1234296482412,76.72780906409226,7.131134352373294,-5.473245063477762,12.604379415851056
2023,STM,69.7356846473029,64.19612650159353,76.6390041493776,6.9033195020746945,-5.539558145709378,12.442877647784073
