starting_year,college,Fall,Winter,Spring,Fall-Spring Change,Fall-Winter Change,Winter-Spring Change
2023,STB,69.79711884753901,64.31968370516803,67.07755102040817,-2.719567827130845,-5.477435142370979,2.7578673152401336
2023,STC,69.56866485013624,64.02975047984646,66.91144414168937,-2.6572207084468715,-5.538914370289788,2.8816936618429168
2023,STL,69.59667471171896,64.16032694121346,76.72780906409226,7.131134352373294,-5.436347770505506,12.5674821228788
2023,STM,69.7356846473029,64.31584109857774,76.6390041493776,6.9033195020746945,-5.419843548725169,12.323163050799863
