starting_year,college,Fall,Winter,Spring,Fall-Spring Change,Fall-Winter Change,Winter-Spring Change
2023,STB,69.79711884753901,64.3822372119168,67.07755102040817,-2.719567827130845,-5.4148816356222085,2.6953138084913633
2023,STC,69.56866485013624,64.11657032755299,66.91144414168937,-2.6572207084468715,-5.452094522583252,2.7948738141363805
2023,STL,69.59667471171896,64.04161372299873,76.72780906409226,7.131134352373294,-5.5550609887202285,12.686195341093523
2023,STM,69.7356846473029,64.36726741354116,76.6390041493776,6.9033195020746945,-5.368417233761747,12.271736735836441
