starting_year,college,Fall,Winter,Spring,Fall-Spring Change,Fall-Winter Change,Winter-Spring Change
2023,STB,69.79711884753901,64.36045197740113,67.07755102040817,-2.719567827130845,-5.436666870137884,2.717099043007039
2023,STC,69.56866485013624,64.07282643567532,66.91144414168937,-2.6572207084468715,-5.49583841446092,2.8386177060140483
2023,STL,69.59667471171896,64.13716814159292,76.72780906409226,7.131134352373294,-5.459506570126038,12.590640922499333
2023,STM,69.7356846473029,64.30328867235079,76.6390041493776,6.9033195020746945,-5.432395974952115,12.33571547702681
