starting_year,college,Fall,Winter,Spring,Fall-Spring Change,Fall-Winter Change,Winter-Spring Change
2023,STB,69.79711884753901,64.4045390070922,67.07755102040817,-2.719567827130845,-5.392579840446814,2.6730120133159687
2023,STC,69.56866485013624,64.1235632183908,66.91144414168937,-2.6572207084468715,-5.445101631745445,2.787880923298573
2023,STL,69.59667471171896,64.11735015772871,76.72780906409226,7.131134352373294,-5.479324553990253,12.610458906363547
2023,STM,69.7356846473029,64.20907538424005,76.6390041493776,6.9033195020746945,-5.526609263062852,12.429928765137547
