starting_year,college,Fall,Winter,Spring,Fall-Spring Change,Fall-Winter Change,Winter-Spring Change
2023,STB,69.79711884753901,64.38753541076487,67.07755102040817,-2.719567827130845,-5.409583436774142,2.6900156096432966
2023,STC,69.56866485013624,64.03501445550916,66.91144414168937,-2.6572207084468715,-5.533650394627088,2.8764296861802165
2023,STL,69.59667471171896,64.21608832807571,76.72780906409226,7.131134352373294,-5.380586383643248,12.511720736016542
2023,STM,69.7356846473029,64.27060539752006,76.6390041493776,6.9033195020746945,-5.465079249782846,12.36839875185754
