starting_year,college,Fall,Winter,Spring,Fall-Spring Change,Fall-Winter Change,Winter-Spring Change
2023,STB,69.79711884753901,64.32390381895333,67.07755102040817,-2.719567827130845,-5.473215028585685,2.7536472014548394
2023,STC,69.56866485013624,64.07211538461539,66.91144414168937,-2.6572207084468715,-5.496549465520857,2.839328757073986
2023,STL,69.59667471171896,63.95572998430141,76.72780906409226,7.131134352373294,-5.640944727417548,12.772079079790842
2023,STM,69.7356846473029,64.20044052863436,76.6390041493776,6.9033195020746945,-5.535244118668544,12.438563620743238
