starting_year,college,Fall,Winter,Spring,Fall-Spring Change,Fall-Winter Change,Winter-Spring Change
2023,STB,69.79711884753901,64.3225352112676,67.07755102040817,-2.719567827130845,-5.474583636271404,2.755015809140559
2023,STC,69.56866485013624,64.10106899902819,66.91144414168937,-2.6572207084468715,-5.467595851108058,2.8103751426611865
2023,STL,69.59667471171896,64.07564344005021,76.72780906409226,7.131134352373294,-5.521031271668747,12.652165624042041
2023,STM,69.7356846473029,64.24396782841823,76.6390041493776,6.9033195020746945,-5.491716818884669,12.395036320959363
