starting_year,college,Fall,Winter,Spring,Fall-Spring Change,Fall-Winter Change,Winter-Spring Change
2023,STB,69.79711884753901,64.32547571712581,67.07755102040817,-2.719567827130845,-5.471643130413199,2.7520753032823535
2023,STC,69.56866485013624,64.14044047239068,66.91144414168937,-2.6572207084468715,-5.428224377745565,2.7710036692986932
2023,STL,69.59667471171896,64.08918406072107,76.72780906409226,7.131134352373294,-5.5074906509978945,12.638625003371189
2023,STM,69.7356846473029,64.20778588807786,76.6390041493776,6.9033195020746945,-5.527898759225039,12.431218261299733
