starting_year,college,Fall,Winter,Spring,Fall-Spring Change,Fall-Winter Change,Winter-Spring Change
2023,STB,69.79711884753901,64.31782289904118,67.07755102040817,-2.719567827130845,-5.479295948497835,2.75972812136699
2023,STC,69.56866485013624,64.05784595717482,66.91144414168937,-2.6572207084468715,-5.510818892961424,2.853598184514553
2023,STL,69.59667471171896,64.12087563451777,76.72780906409226,7.131134352373294,-5.475799077201188,12.606933429574482
2023,STM,69.7356846473029,64.15686752866553,76.6390041493776,6.9033195020746945,-5.5788171186373745,12.482136620712069
