starting_year,college,Fall,Winter,Spring,Fall-Spring Change,Fall-Winter Change,Winter-Spring Change
2023,STB,69.79711884753901,64.33238877869084,67.07755102040817,-2.719567827130845,-5.464730068848169,2.745162241717324
2023,STC,69.56866485013624,64.13765312701483,66.91144414168937,-2.6572207084468715,-5.431011723121415,2.7737910146745435
2023,STL,69.59667471171896,64.04766384446535,76.72780906409226,7.131134352373294,-5.549010867253614,12.680145219626908
2023,STM,69.7356846473029,64.18046760837798,76.6390041493776,6.9033195020746945,-5.555217038924923,12.458536540999617
