starting_year,college,Fall,Winter,Spring,Fall-Spring Change,Fall-Winter Change,Winter-Spring Change
2023,STB,69.79711884753901,64.4722066254913,67.07755102040817,-2.719567827130845,-5.324912222047715,2.6053443949168695
2023,STC,69.56866485013624,64.08152173913044,66.91144414168937,-2.6572207084468715,-5.487143111005807,2.8299224025589353
2023,STL,69.59667471171896,64.02834645669292,76.72780906409226,7.131134352373294,-5.568328255026046,12.69946260739934
2023,STM,69.7356846473029,64.18492982024132,76.6390041493776,6.9033195020746945,-5.550754827061581,12.454074329136276
